"Date_key","Day_Number","Day_val","Month_val","Short_Month","Calendar_Month_Number","Calendar_Year","Fiscal_Month_Number","Fiscal_Year"
"2013-01-01",1,1,"January","Jan",1,2013,3,2013
"2013-01-02",2,2,"January","Jan",1,2013,3,2013
"2013-01-03",3,3,"January","Jan",1,2013,3,2013
"2013-01-04",4,4,"January","Jan",1,2013,3,2013
"2013-01-05",5,5,"January","Jan",1,2013,3,2013
"2013-01-06",6,6,"January","Jan",1,2013,3,2013
"2013-01-07",7,7,"January","Jan",1,2013,3,2013
"2013-01-08",8,8,"January","Jan",1,2013,3,2013
"2013-01-09",9,9,"January","Jan",1,2013,3,2013
"2013-01-10",10,10,"January","Jan",1,2013,3,2013
"2013-01-11",11,11,"January","Jan",1,2013,3,2013
"2013-01-12",12,12,"January","Jan",1,2013,3,2013
"2013-01-13",13,13,"January","Jan",1,2013,3,2013
"2013-01-14",14,14,"January","Jan",1,2013,3,2013
"2013-01-15",15,15,"January","Jan",1,2013,3,2013
"2013-01-16",16,16,"January","Jan",1,2013,3,2013
"2013-01-17",17,17,"January","Jan",1,2013,3,2013
"2013-01-18",18,18,"January","Jan",1,2013,3,2013
"2013-01-19",19,19,"January","Jan",1,2013,3,2013
"2013-01-20",20,20,"January","Jan",1,2013,3,2013
"2013-01-21",21,21,"January","Jan",1,2013,3,2013
"2013-01-22",22,22,"January","Jan",1,2013,3,2013
"2013-01-23",23,23,"January","Jan",1,2013,3,2013
"2013-01-24",24,24,"January","Jan",1,2013,3,2013
"2013-01-25",25,25,"January","Jan",1,2013,3,2013
"2013-01-26",26,26,"January","Jan",1,2013,3,2013
"2013-01-27",27,27,"January","Jan",1,2013,3,2013
"2013-01-28",28,28,"January","Jan",1,2013,3,2013
"2013-01-29",29,29,"January","Jan",1,2013,3,2013
"2013-01-30",30,30,"January","Jan",1,2013,3,2013
"2013-01-31",31,31,"January","Jan",1,2013,3,2013
"2013-02-01",1,1,"February","Feb",2,2013,4,2013
"2013-02-02",2,2,"February","Feb",2,2013,4,2013
"2013-02-03",3,3,"February","Feb",2,2013,4,2013
"2013-02-04",4,4,"February","Feb",2,2013,4,2013
"2013-02-05",5,5,"February","Feb",2,2013,4,2013
"2013-02-06",6,6,"February","Feb",2,2013,4,2013
"2013-02-07",7,7,"February","Feb",2,2013,4,2013
"2013-02-08",8,8,"February","Feb",2,2013,4,2013
"2013-02-09",9,9,"February","Feb",2,2013,4,2013
"2013-02-10",10,10,"February","Feb",2,2013,4,2013
"2013-02-11",11,11,"February","Feb",2,2013,4,2013
"2013-02-12",12,12,"February","Feb",2,2013,4,2013
"2013-02-13",13,13,"February","Feb",2,2013,4,2013
"2013-02-14",14,14,"February","Feb",2,2013,4,2013
"2013-02-15",15,15,"February","Feb",2,2013,4,2013
"2013-02-16",16,16,"February","Feb",2,2013,4,2013
"2013-02-17",17,17,"February","Feb",2,2013,4,2013
"2013-02-18",18,18,"February","Feb",2,2013,4,2013
"2013-02-19",19,19,"February","Feb",2,2013,4,2013
"2013-02-20",20,20,"February","Feb",2,2013,4,2013
"2013-02-21",21,21,"February","Feb",2,2013,4,2013
"2013-02-22",22,22,"February","Feb",2,2013,4,2013
"2013-02-23",23,23,"February","Feb",2,2013,4,2013
"2013-02-24",24,24,"February","Feb",2,2013,4,2013
"2013-02-25",25,25,"February","Feb",2,2013,4,2013
"2013-02-26",26,26,"February","Feb",2,2013,4,2013
"2013-02-27",27,27,"February","Feb",2,2013,4,2013
"2013-02-28",28,28,"February","Feb",2,2013,4,2013
"2013-03-01",1,1,"March","Mar",3,2013,5,2013
"2013-03-02",2,2,"March","Mar",3,2013,5,2013
"2013-03-03",3,3,"March","Mar",3,2013,5,2013
"2013-03-04",4,4,"March","Mar",3,2013,5,2013
"2013-03-05",5,5,"March","Mar",3,2013,5,2013
"2013-03-06",6,6,"March","Mar",3,2013,5,2013
"2013-03-07",7,7,"March","Mar",3,2013,5,2013
"2013-03-08",8,8,"March","Mar",3,2013,5,2013
"2013-03-09",9,9,"March","Mar",3,2013,5,2013
"2013-03-10",10,10,"March","Mar",3,2013,5,2013
"2013-03-11",11,11,"March","Mar",3,2013,5,2013
"2013-03-12",12,12,"March","Mar",3,2013,5,2013
"2013-03-13",13,13,"March","Mar",3,2013,5,2013
"2013-03-14",14,14,"March","Mar",3,2013,5,2013
"2013-03-15",15,15,"March","Mar",3,2013,5,2013
"2013-03-16",16,16,"March","Mar",3,2013,5,2013
"2013-03-17",17,17,"March","Mar",3,2013,5,2013
"2013-03-18",18,18,"March","Mar",3,2013,5,2013
"2013-03-19",19,19,"March","Mar",3,2013,5,2013
"2013-03-20",20,20,"March","Mar",3,2013,5,2013
"2013-03-21",21,21,"March","Mar",3,2013,5,2013
"2013-03-22",22,22,"March","Mar",3,2013,5,2013
"2013-03-23",23,23,"March","Mar",3,2013,5,2013
"2013-03-24",24,24,"March","Mar",3,2013,5,2013
"2013-03-25",25,25,"March","Mar",3,2013,5,2013
"2013-03-26",26,26,"March","Mar",3,2013,5,2013
"2013-03-27",27,27,"March","Mar",3,2013,5,2013
"2013-03-28",28,28,"March","Mar",3,2013,5,2013
"2013-03-29",29,29,"March","Mar",3,2013,5,2013
"2013-03-30",30,30,"March","Mar",3,2013,5,2013
"2013-03-31",31,31,"March","Mar",3,2013,5,2013
"2013-04-01",1,1,"April","Apr",4,2013,6,2013
"2013-04-02",2,2,"April","Apr",4,2013,6,2013
"2013-04-03",3,3,"April","Apr",4,2013,6,2013
"2013-04-04",4,4,"April","Apr",4,2013,6,2013
"2013-04-05",5,5,"April","Apr",4,2013,6,2013
"2013-04-06",6,6,"April","Apr",4,2013,6,2013
"2013-04-07",7,7,"April","Apr",4,2013,6,2013
"2013-04-08",8,8,"April","Apr",4,2013,6,2013
"2013-04-09",9,9,"April","Apr",4,2013,6,2013
"2013-04-10",10,10,"April","Apr",4,2013,6,2013
"2013-04-11",11,11,"April","Apr",4,2013,6,2013
"2013-04-12",12,12,"April","Apr",4,2013,6,2013
"2013-04-13",13,13,"April","Apr",4,2013,6,2013
"2013-04-14",14,14,"April","Apr",4,2013,6,2013
"2013-04-15",15,15,"April","Apr",4,2013,6,2013
"2013-04-16",16,16,"April","Apr",4,2013,6,2013
"2013-04-17",17,17,"April","Apr",4,2013,6,2013
"2013-04-18",18,18,"April","Apr",4,2013,6,2013
"2013-04-19",19,19,"April","Apr",4,2013,6,2013
"2013-04-20",20,20,"April","Apr",4,2013,6,2013
"2013-04-21",21,21,"April","Apr",4,2013,6,2013
"2013-04-22",22,22,"April","Apr",4,2013,6,2013
"2013-04-23",23,23,"April","Apr",4,2013,6,2013
"2013-04-24",24,24,"April","Apr",4,2013,6,2013
"2013-04-25",25,25,"April","Apr",4,2013,6,2013
"2013-04-26",26,26,"April","Apr",4,2013,6,2013
"2013-04-27",27,27,"April","Apr",4,2013,6,2013
"2013-04-28",28,28,"April","Apr",4,2013,6,2013
"2013-04-29",29,29,"April","Apr",4,2013,6,2013
"2013-04-30",30,30,"April","Apr",4,2013,6,2013
"2013-05-01",1,1,"May","May",5,2013,7,2013
"2013-05-02",2,2,"May","May",5,2013,7,2013
"2013-05-03",3,3,"May","May",5,2013,7,2013
"2013-05-04",4,4,"May","May",5,2013,7,2013
"2013-05-05",5,5,"May","May",5,2013,7,2013
"2013-05-06",6,6,"May","May",5,2013,7,2013
"2013-05-07",7,7,"May","May",5,2013,7,2013
"2013-05-08",8,8,"May","May",5,2013,7,2013
"2013-05-09",9,9,"May","May",5,2013,7,2013
"2013-05-10",10,10,"May","May",5,2013,7,2013
"2013-05-11",11,11,"May","May",5,2013,7,2013
"2013-05-12",12,12,"May","May",5,2013,7,2013
"2013-05-13",13,13,"May","May",5,2013,7,2013
"2013-05-14",14,14,"May","May",5,2013,7,2013
"2013-05-15",15,15,"May","May",5,2013,7,2013
"2013-05-16",16,16,"May","May",5,2013,7,2013
"2013-05-17",17,17,"May","May",5,2013,7,2013
"2013-05-18",18,18,"May","May",5,2013,7,2013
"2013-05-19",19,19,"May","May",5,2013,7,2013
"2013-05-20",20,20,"May","May",5,2013,7,2013
"2013-05-21",21,21,"May","May",5,2013,7,2013
"2013-05-22",22,22,"May","May",5,2013,7,2013
"2013-05-23",23,23,"May","May",5,2013,7,2013
"2013-05-24",24,24,"May","May",5,2013,7,2013
"2013-05-25",25,25,"May","May",5,2013,7,2013
"2013-05-26",26,26,"May","May",5,2013,7,2013
"2013-05-27",27,27,"May","May",5,2013,7,2013
"2013-05-28",28,28,"May","May",5,2013,7,2013
"2013-05-29",29,29,"May","May",5,2013,7,2013
"2013-05-30",30,30,"May","May",5,2013,7,2013
"2013-05-31",31,31,"May","May",5,2013,7,2013
"2013-06-01",1,1,"June","Jun",6,2013,8,2013
"2013-06-02",2,2,"June","Jun",6,2013,8,2013
"2013-06-03",3,3,"June","Jun",6,2013,8,2013
"2013-06-04",4,4,"June","Jun",6,2013,8,2013
"2013-06-05",5,5,"June","Jun",6,2013,8,2013
"2013-06-06",6,6,"June","Jun",6,2013,8,2013
"2013-06-07",7,7,"June","Jun",6,2013,8,2013
"2013-06-08",8,8,"June","Jun",6,2013,8,2013
"2013-06-09",9,9,"June","Jun",6,2013,8,2013
"2013-06-10",10,10,"June","Jun",6,2013,8,2013
"2013-06-11",11,11,"June","Jun",6,2013,8,2013
"2013-06-12",12,12,"June","Jun",6,2013,8,2013
"2013-06-13",13,13,"June","Jun",6,2013,8,2013
"2013-06-14",14,14,"June","Jun",6,2013,8,2013
"2013-06-15",15,15,"June","Jun",6,2013,8,2013
"2013-06-16",16,16,"June","Jun",6,2013,8,2013
"2013-06-17",17,17,"June","Jun",6,2013,8,2013
"2013-06-18",18,18,"June","Jun",6,2013,8,2013
"2013-06-19",19,19,"June","Jun",6,2013,8,2013
"2013-06-20",20,20,"June","Jun",6,2013,8,2013
"2013-06-21",21,21,"June","Jun",6,2013,8,2013
"2013-06-22",22,22,"June","Jun",6,2013,8,2013
"2013-06-23",23,23,"June","Jun",6,2013,8,2013
"2013-06-24",24,24,"June","Jun",6,2013,8,2013
"2013-06-25",25,25,"June","Jun",6,2013,8,2013
"2013-06-26",26,26,"June","Jun",6,2013,8,2013
"2013-06-27",27,27,"June","Jun",6,2013,8,2013
"2013-06-28",28,28,"June","Jun",6,2013,8,2013
"2013-06-29",29,29,"June","Jun",6,2013,8,2013
"2013-06-30",30,30,"June","Jun",6,2013,8,2013
"2013-07-01",1,1,"July","Jul",7,2013,9,2013
"2013-07-02",2,2,"July","Jul",7,2013,9,2013
"2013-07-03",3,3,"July","Jul",7,2013,9,2013
"2013-07-04",4,4,"July","Jul",7,2013,9,2013
"2013-07-05",5,5,"July","Jul",7,2013,9,2013
"2013-07-06",6,6,"July","Jul",7,2013,9,2013
"2013-07-07",7,7,"July","Jul",7,2013,9,2013
"2013-07-08",8,8,"July","Jul",7,2013,9,2013
"2013-07-09",9,9,"July","Jul",7,2013,9,2013
"2013-07-10",10,10,"July","Jul",7,2013,9,2013
"2013-07-11",11,11,"July","Jul",7,2013,9,2013
"2013-07-12",12,12,"July","Jul",7,2013,9,2013
"2013-07-13",13,13,"July","Jul",7,2013,9,2013
"2013-07-14",14,14,"July","Jul",7,2013,9,2013
"2013-07-15",15,15,"July","Jul",7,2013,9,2013
"2013-07-16",16,16,"July","Jul",7,2013,9,2013
"2013-07-17",17,17,"July","Jul",7,2013,9,2013
"2013-07-18",18,18,"July","Jul",7,2013,9,2013
"2013-07-19",19,19,"July","Jul",7,2013,9,2013
"2013-07-20",20,20,"July","Jul",7,2013,9,2013
"2013-07-21",21,21,"July","Jul",7,2013,9,2013
"2013-07-22",22,22,"July","Jul",7,2013,9,2013
"2013-07-23",23,23,"July","Jul",7,2013,9,2013
"2013-07-24",24,24,"July","Jul",7,2013,9,2013
"2013-07-25",25,25,"July","Jul",7,2013,9,2013
"2013-07-26",26,26,"July","Jul",7,2013,9,2013
"2013-07-27",27,27,"July","Jul",7,2013,9,2013
"2013-07-28",28,28,"July","Jul",7,2013,9,2013
"2013-07-29",29,29,"July","Jul",7,2013,9,2013
"2013-07-30",30,30,"July","Jul",7,2013,9,2013
"2013-07-31",31,31,"July","Jul",7,2013,9,2013
"2013-08-01",1,1,"August","Aug",8,2013,10,2013
"2013-08-02",2,2,"August","Aug",8,2013,10,2013
"2013-08-03",3,3,"August","Aug",8,2013,10,2013
"2013-08-04",4,4,"August","Aug",8,2013,10,2013
"2013-08-05",5,5,"August","Aug",8,2013,10,2013
"2013-08-06",6,6,"August","Aug",8,2013,10,2013
"2013-08-07",7,7,"August","Aug",8,2013,10,2013
"2013-08-08",8,8,"August","Aug",8,2013,10,2013
"2013-08-09",9,9,"August","Aug",8,2013,10,2013
"2013-08-10",10,10,"August","Aug",8,2013,10,2013
"2013-08-11",11,11,"August","Aug",8,2013,10,2013
"2013-08-12",12,12,"August","Aug",8,2013,10,2013
"2013-08-13",13,13,"August","Aug",8,2013,10,2013
"2013-08-14",14,14,"August","Aug",8,2013,10,2013
"2013-08-15",15,15,"August","Aug",8,2013,10,2013
"2013-08-16",16,16,"August","Aug",8,2013,10,2013
"2013-08-17",17,17,"August","Aug",8,2013,10,2013
"2013-08-18",18,18,"August","Aug",8,2013,10,2013
"2013-08-19",19,19,"August","Aug",8,2013,10,2013
"2013-08-20",20,20,"August","Aug",8,2013,10,2013
"2013-08-21",21,21,"August","Aug",8,2013,10,2013
"2013-08-22",22,22,"August","Aug",8,2013,10,2013
"2013-08-23",23,23,"August","Aug",8,2013,10,2013
"2013-08-24",24,24,"August","Aug",8,2013,10,2013
"2013-08-25",25,25,"August","Aug",8,2013,10,2013
"2013-08-26",26,26,"August","Aug",8,2013,10,2013
"2013-08-27",27,27,"August","Aug",8,2013,10,2013
"2013-08-28",28,28,"August","Aug",8,2013,10,2013
"2013-08-29",29,29,"August","Aug",8,2013,10,2013
"2013-08-30",30,30,"August","Aug",8,2013,10,2013
"2013-08-31",31,31,"August","Aug",8,2013,10,2013
"2013-09-01",1,1,"September","Sep",9,2013,11,2013
"2013-09-02",2,2,"September","Sep",9,2013,11,2013
"2013-09-03",3,3,"September","Sep",9,2013,11,2013
"2013-09-04",4,4,"September","Sep",9,2013,11,2013
"2013-09-05",5,5,"September","Sep",9,2013,11,2013
"2013-09-06",6,6,"September","Sep",9,2013,11,2013
"2013-09-07",7,7,"September","Sep",9,2013,11,2013
"2013-09-08",8,8,"September","Sep",9,2013,11,2013
"2013-09-09",9,9,"September","Sep",9,2013,11,2013
"2013-09-10",10,10,"September","Sep",9,2013,11,2013
"2013-09-11",11,11,"September","Sep",9,2013,11,2013
"2013-09-12",12,12,"September","Sep",9,2013,11,2013
"2013-09-13",13,13,"September","Sep",9,2013,11,2013
"2013-09-14",14,14,"September","Sep",9,2013,11,2013
"2013-09-15",15,15,"September","Sep",9,2013,11,2013
"2013-09-16",16,16,"September","Sep",9,2013,11,2013
"2013-09-17",17,17,"September","Sep",9,2013,11,2013
"2013-09-18",18,18,"September","Sep",9,2013,11,2013
"2013-09-19",19,19,"September","Sep",9,2013,11,2013
"2013-09-20",20,20,"September","Sep",9,2013,11,2013
"2013-09-21",21,21,"September","Sep",9,2013,11,2013
"2013-09-22",22,22,"September","Sep",9,2013,11,2013
"2013-09-23",23,23,"September","Sep",9,2013,11,2013
"2013-09-24",24,24,"September","Sep",9,2013,11,2013
"2013-09-25",25,25,"September","Sep",9,2013,11,2013
"2013-09-26",26,26,"September","Sep",9,2013,11,2013
"2013-09-27",27,27,"September","Sep",9,2013,11,2013
"2013-09-28",28,28,"September","Sep",9,2013,11,2013
"2013-09-29",29,29,"September","Sep",9,2013,11,2013
"2013-09-30",30,30,"September","Sep",9,2013,11,2013
"2013-10-01",1,1,"October","Oct",10,2013,12,2013
"2013-10-02",2,2,"October","Oct",10,2013,12,2013
"2013-10-03",3,3,"October","Oct",10,2013,12,2013
"2013-10-04",4,4,"October","Oct",10,2013,12,2013
"2013-10-05",5,5,"October","Oct",10,2013,12,2013
"2013-10-06",6,6,"October","Oct",10,2013,12,2013
"2013-10-07",7,7,"October","Oct",10,2013,12,2013
"2013-10-08",8,8,"October","Oct",10,2013,12,2013
"2013-10-09",9,9,"October","Oct",10,2013,12,2013
"2013-10-10",10,10,"October","Oct",10,2013,12,2013
"2013-10-11",11,11,"October","Oct",10,2013,12,2013
"2013-10-12",12,12,"October","Oct",10,2013,12,2013
"2013-10-13",13,13,"October","Oct",10,2013,12,2013
"2013-10-14",14,14,"October","Oct",10,2013,12,2013
"2013-10-15",15,15,"October","Oct",10,2013,12,2013
"2013-10-16",16,16,"October","Oct",10,2013,12,2013
"2013-10-17",17,17,"October","Oct",10,2013,12,2013
"2013-10-18",18,18,"October","Oct",10,2013,12,2013
"2013-10-19",19,19,"October","Oct",10,2013,12,2013
"2013-10-20",20,20,"October","Oct",10,2013,12,2013
"2013-10-21",21,21,"October","Oct",10,2013,12,2013
"2013-10-22",22,22,"October","Oct",10,2013,12,2013
"2013-10-23",23,23,"October","Oct",10,2013,12,2013
"2013-10-24",24,24,"October","Oct",10,2013,12,2013
"2013-10-25",25,25,"October","Oct",10,2013,12,2013
"2013-10-26",26,26,"October","Oct",10,2013,12,2013
"2013-10-27",27,27,"October","Oct",10,2013,12,2013
"2013-10-28",28,28,"October","Oct",10,2013,12,2013
"2013-10-29",29,29,"October","Oct",10,2013,12,2013
"2013-10-30",30,30,"October","Oct",10,2013,12,2013
"2013-10-31",31,31,"October","Oct",10,2013,12,2013
"2013-11-01",1,1,"November","Nov",11,2013,1,2014
"2013-11-02",2,2,"November","Nov",11,2013,1,2014
"2013-11-03",3,3,"November","Nov",11,2013,1,2014
"2013-11-04",4,4,"November","Nov",11,2013,1,2014
"2013-11-05",5,5,"November","Nov",11,2013,1,2014
"2013-11-06",6,6,"November","Nov",11,2013,1,2014
"2013-11-07",7,7,"November","Nov",11,2013,1,2014
"2013-11-08",8,8,"November","Nov",11,2013,1,2014
"2013-11-09",9,9,"November","Nov",11,2013,1,2014
"2013-11-10",10,10,"November","Nov",11,2013,1,2014
"2013-11-11",11,11,"November","Nov",11,2013,1,2014
"2013-11-12",12,12,"November","Nov",11,2013,1,2014
"2013-11-13",13,13,"November","Nov",11,2013,1,2014
"2013-11-14",14,14,"November","Nov",11,2013,1,2014
"2013-11-15",15,15,"November","Nov",11,2013,1,2014
"2013-11-16",16,16,"November","Nov",11,2013,1,2014
"2013-11-17",17,17,"November","Nov",11,2013,1,2014
"2013-11-18",18,18,"November","Nov",11,2013,1,2014
"2013-11-19",19,19,"November","Nov",11,2013,1,2014
"2013-11-20",20,20,"November","Nov",11,2013,1,2014
"2013-11-21",21,21,"November","Nov",11,2013,1,2014
"2013-11-22",22,22,"November","Nov",11,2013,1,2014
"2013-11-23",23,23,"November","Nov",11,2013,1,2014
"2013-11-24",24,24,"November","Nov",11,2013,1,2014
"2013-11-25",25,25,"November","Nov",11,2013,1,2014
"2013-11-26",26,26,"November","Nov",11,2013,1,2014
"2013-11-27",27,27,"November","Nov",11,2013,1,2014
"2013-11-28",28,28,"November","Nov",11,2013,1,2014
"2013-11-29",29,29,"November","Nov",11,2013,1,2014
"2013-11-30",30,30,"November","Nov",11,2013,1,2014
"2013-12-01",1,1,"December","Dec",12,2013,2,2014
"2013-12-02",2,2,"December","Dec",12,2013,2,2014
"2013-12-03",3,3,"December","Dec",12,2013,2,2014
"2013-12-04",4,4,"December","Dec",12,2013,2,2014
"2013-12-05",5,5,"December","Dec",12,2013,2,2014
"2013-12-06",6,6,"December","Dec",12,2013,2,2014
"2013-12-07",7,7,"December","Dec",12,2013,2,2014
"2013-12-08",8,8,"December","Dec",12,2013,2,2014
"2013-12-09",9,9,"December","Dec",12,2013,2,2014
"2013-12-10",10,10,"December","Dec",12,2013,2,2014
"2013-12-11",11,11,"December","Dec",12,2013,2,2014
"2013-12-12",12,12,"December","Dec",12,2013,2,2014
"2013-12-13",13,13,"December","Dec",12,2013,2,2014
"2013-12-14",14,14,"December","Dec",12,2013,2,2014
"2013-12-15",15,15,"December","Dec",12,2013,2,2014
"2013-12-16",16,16,"December","Dec",12,2013,2,2014
"2013-12-17",17,17,"December","Dec",12,2013,2,2014
"2013-12-18",18,18,"December","Dec",12,2013,2,2014
"2013-12-19",19,19,"December","Dec",12,2013,2,2014
"2013-12-20",20,20,"December","Dec",12,2013,2,2014
"2013-12-21",21,21,"December","Dec",12,2013,2,2014
"2013-12-22",22,22,"December","Dec",12,2013,2,2014
"2013-12-23",23,23,"December","Dec",12,2013,2,2014
"2013-12-24",24,24,"December","Dec",12,2013,2,2014
"2013-12-25",25,25,"December","Dec",12,2013,2,2014
"2013-12-26",26,26,"December","Dec",12,2013,2,2014
"2013-12-27",27,27,"December","Dec",12,2013,2,2014
"2013-12-28",28,28,"December","Dec",12,2013,2,2014
"2013-12-29",29,29,"December","Dec",12,2013,2,2014
"2013-12-30",30,30,"December","Dec",12,2013,2,2014
"2013-12-31",31,31,"December","Dec",12,2013,2,2014
"2014-01-01",1,1,"January","Jan",1,2014,3,2014
"2014-01-02",2,2,"January","Jan",1,2014,3,2014
"2014-01-03",3,3,"January","Jan",1,2014,3,2014
"2014-01-04",4,4,"January","Jan",1,2014,3,2014
"2014-01-05",5,5,"January","Jan",1,2014,3,2014
"2014-01-06",6,6,"January","Jan",1,2014,3,2014
"2014-01-07",7,7,"January","Jan",1,2014,3,2014
"2014-01-08",8,8,"January","Jan",1,2014,3,2014
"2014-01-09",9,9,"January","Jan",1,2014,3,2014
"2014-01-10",10,10,"January","Jan",1,2014,3,2014
"2014-01-11",11,11,"January","Jan",1,2014,3,2014
"2014-01-12",12,12,"January","Jan",1,2014,3,2014
"2014-01-13",13,13,"January","Jan",1,2014,3,2014
"2014-01-14",14,14,"January","Jan",1,2014,3,2014
"2014-01-15",15,15,"January","Jan",1,2014,3,2014
"2014-01-16",16,16,"January","Jan",1,2014,3,2014
"2014-01-17",17,17,"January","Jan",1,2014,3,2014
"2014-01-18",18,18,"January","Jan",1,2014,3,2014
"2014-01-19",19,19,"January","Jan",1,2014,3,2014
"2014-01-20",20,20,"January","Jan",1,2014,3,2014
"2014-01-21",21,21,"January","Jan",1,2014,3,2014
"2014-01-22",22,22,"January","Jan",1,2014,3,2014
"2014-01-23",23,23,"January","Jan",1,2014,3,2014
"2014-01-24",24,24,"January","Jan",1,2014,3,2014
"2014-01-25",25,25,"January","Jan",1,2014,3,2014
"2014-01-26",26,26,"January","Jan",1,2014,3,2014
"2014-01-27",27,27,"January","Jan",1,2014,3,2014
"2014-01-28",28,28,"January","Jan",1,2014,3,2014
"2014-01-29",29,29,"January","Jan",1,2014,3,2014
"2014-01-30",30,30,"January","Jan",1,2014,3,2014
"2014-01-31",31,31,"January","Jan",1,2014,3,2014
"2014-02-01",1,1,"February","Feb",2,2014,4,2014
"2014-02-02",2,2,"February","Feb",2,2014,4,2014
"2014-02-03",3,3,"February","Feb",2,2014,4,2014
"2014-02-04",4,4,"February","Feb",2,2014,4,2014
"2014-02-05",5,5,"February","Feb",2,2014,4,2014
"2014-02-06",6,6,"February","Feb",2,2014,4,2014
"2014-02-07",7,7,"February","Feb",2,2014,4,2014
"2014-02-08",8,8,"February","Feb",2,2014,4,2014
"2014-02-09",9,9,"February","Feb",2,2014,4,2014
"2014-02-10",10,10,"February","Feb",2,2014,4,2014
"2014-02-11",11,11,"February","Feb",2,2014,4,2014
"2014-02-12",12,12,"February","Feb",2,2014,4,2014
"2014-02-13",13,13,"February","Feb",2,2014,4,2014
"2014-02-14",14,14,"February","Feb",2,2014,4,2014
"2014-02-15",15,15,"February","Feb",2,2014,4,2014
"2014-02-16",16,16,"February","Feb",2,2014,4,2014
"2014-02-17",17,17,"February","Feb",2,2014,4,2014
"2014-02-18",18,18,"February","Feb",2,2014,4,2014
"2014-02-19",19,19,"February","Feb",2,2014,4,2014
"2014-02-20",20,20,"February","Feb",2,2014,4,2014
"2014-02-21",21,21,"February","Feb",2,2014,4,2014
"2014-02-22",22,22,"February","Feb",2,2014,4,2014
"2014-02-23",23,23,"February","Feb",2,2014,4,2014
"2014-02-24",24,24,"February","Feb",2,2014,4,2014
"2014-02-25",25,25,"February","Feb",2,2014,4,2014
"2014-02-26",26,26,"February","Feb",2,2014,4,2014
"2014-02-27",27,27,"February","Feb",2,2014,4,2014
"2014-02-28",28,28,"February","Feb",2,2014,4,2014
"2014-03-01",1,1,"March","Mar",3,2014,5,2014
"2014-03-02",2,2,"March","Mar",3,2014,5,2014
"2014-03-03",3,3,"March","Mar",3,2014,5,2014
"2014-03-04",4,4,"March","Mar",3,2014,5,2014
"2014-03-05",5,5,"March","Mar",3,2014,5,2014
"2014-03-06",6,6,"March","Mar",3,2014,5,2014
"2014-03-07",7,7,"March","Mar",3,2014,5,2014
"2014-03-08",8,8,"March","Mar",3,2014,5,2014
"2014-03-09",9,9,"March","Mar",3,2014,5,2014
"2014-03-10",10,10,"March","Mar",3,2014,5,2014
"2014-03-11",11,11,"March","Mar",3,2014,5,2014
"2014-03-12",12,12,"March","Mar",3,2014,5,2014
"2014-03-13",13,13,"March","Mar",3,2014,5,2014
"2014-03-14",14,14,"March","Mar",3,2014,5,2014
"2014-03-15",15,15,"March","Mar",3,2014,5,2014
"2014-03-16",16,16,"March","Mar",3,2014,5,2014
"2014-03-17",17,17,"March","Mar",3,2014,5,2014
"2014-03-18",18,18,"March","Mar",3,2014,5,2014
"2014-03-19",19,19,"March","Mar",3,2014,5,2014
"2014-03-20",20,20,"March","Mar",3,2014,5,2014
"2014-03-21",21,21,"March","Mar",3,2014,5,2014
"2014-03-22",22,22,"March","Mar",3,2014,5,2014
"2014-03-23",23,23,"March","Mar",3,2014,5,2014
"2014-03-24",24,24,"March","Mar",3,2014,5,2014
"2014-03-25",25,25,"March","Mar",3,2014,5,2014
"2014-03-26",26,26,"March","Mar",3,2014,5,2014
"2014-03-27",27,27,"March","Mar",3,2014,5,2014
"2014-03-28",28,28,"March","Mar",3,2014,5,2014
"2014-03-29",29,29,"March","Mar",3,2014,5,2014
"2014-03-30",30,30,"March","Mar",3,2014,5,2014
"2014-03-31",31,31,"March","Mar",3,2014,5,2014
"2014-04-01",1,1,"April","Apr",4,2014,6,2014
"2014-04-02",2,2,"April","Apr",4,2014,6,2014
"2014-04-03",3,3,"April","Apr",4,2014,6,2014
"2014-04-04",4,4,"April","Apr",4,2014,6,2014
"2014-04-05",5,5,"April","Apr",4,2014,6,2014
"2014-04-06",6,6,"April","Apr",4,2014,6,2014
"2014-04-07",7,7,"April","Apr",4,2014,6,2014
"2014-04-08",8,8,"April","Apr",4,2014,6,2014
"2014-04-09",9,9,"April","Apr",4,2014,6,2014
"2014-04-10",10,10,"April","Apr",4,2014,6,2014
"2014-04-11",11,11,"April","Apr",4,2014,6,2014
"2014-04-12",12,12,"April","Apr",4,2014,6,2014
"2014-04-13",13,13,"April","Apr",4,2014,6,2014
"2014-04-14",14,14,"April","Apr",4,2014,6,2014
"2014-04-15",15,15,"April","Apr",4,2014,6,2014
"2014-04-16",16,16,"April","Apr",4,2014,6,2014
"2014-04-17",17,17,"April","Apr",4,2014,6,2014
"2014-04-18",18,18,"April","Apr",4,2014,6,2014
"2014-04-19",19,19,"April","Apr",4,2014,6,2014
"2014-04-20",20,20,"April","Apr",4,2014,6,2014
"2014-04-21",21,21,"April","Apr",4,2014,6,2014
"2014-04-22",22,22,"April","Apr",4,2014,6,2014
"2014-04-23",23,23,"April","Apr",4,2014,6,2014
"2014-04-24",24,24,"April","Apr",4,2014,6,2014
"2014-04-25",25,25,"April","Apr",4,2014,6,2014
"2014-04-26",26,26,"April","Apr",4,2014,6,2014
"2014-04-27",27,27,"April","Apr",4,2014,6,2014
"2014-04-28",28,28,"April","Apr",4,2014,6,2014
"2014-04-29",29,29,"April","Apr",4,2014,6,2014
"2014-04-30",30,30,"April","Apr",4,2014,6,2014
"2014-05-01",1,1,"May","May",5,2014,7,2014
"2014-05-02",2,2,"May","May",5,2014,7,2014
"2014-05-03",3,3,"May","May",5,2014,7,2014
"2014-05-04",4,4,"May","May",5,2014,7,2014
"2014-05-05",5,5,"May","May",5,2014,7,2014
"2014-05-06",6,6,"May","May",5,2014,7,2014
"2014-05-07",7,7,"May","May",5,2014,7,2014
"2014-05-08",8,8,"May","May",5,2014,7,2014
"2014-05-09",9,9,"May","May",5,2014,7,2014
"2014-05-10",10,10,"May","May",5,2014,7,2014
"2014-05-11",11,11,"May","May",5,2014,7,2014
"2014-05-12",12,12,"May","May",5,2014,7,2014
"2014-05-13",13,13,"May","May",5,2014,7,2014
"2014-05-14",14,14,"May","May",5,2014,7,2014
"2014-05-15",15,15,"May","May",5,2014,7,2014
"2014-05-16",16,16,"May","May",5,2014,7,2014
"2014-05-17",17,17,"May","May",5,2014,7,2014
"2014-05-18",18,18,"May","May",5,2014,7,2014
"2014-05-19",19,19,"May","May",5,2014,7,2014
"2014-05-20",20,20,"May","May",5,2014,7,2014
"2014-05-21",21,21,"May","May",5,2014,7,2014
"2014-05-22",22,22,"May","May",5,2014,7,2014
"2014-05-23",23,23,"May","May",5,2014,7,2014
"2014-05-24",24,24,"May","May",5,2014,7,2014
"2014-05-25",25,25,"May","May",5,2014,7,2014
"2014-05-26",26,26,"May","May",5,2014,7,2014
"2014-05-27",27,27,"May","May",5,2014,7,2014
"2014-05-28",28,28,"May","May",5,2014,7,2014
"2014-05-29",29,29,"May","May",5,2014,7,2014
"2014-05-30",30,30,"May","May",5,2014,7,2014
"2014-05-31",31,31,"May","May",5,2014,7,2014
"2014-06-01",1,1,"June","Jun",6,2014,8,2014
"2014-06-02",2,2,"June","Jun",6,2014,8,2014
"2014-06-03",3,3,"June","Jun",6,2014,8,2014
"2014-06-04",4,4,"June","Jun",6,2014,8,2014
"2014-06-05",5,5,"June","Jun",6,2014,8,2014
"2014-06-06",6,6,"June","Jun",6,2014,8,2014
"2014-06-07",7,7,"June","Jun",6,2014,8,2014
"2014-06-08",8,8,"June","Jun",6,2014,8,2014
"2014-06-09",9,9,"June","Jun",6,2014,8,2014
"2014-06-10",10,10,"June","Jun",6,2014,8,2014
"2014-06-11",11,11,"June","Jun",6,2014,8,2014
"2014-06-12",12,12,"June","Jun",6,2014,8,2014
"2014-06-13",13,13,"June","Jun",6,2014,8,2014
"2014-06-14",14,14,"June","Jun",6,2014,8,2014
"2014-06-15",15,15,"June","Jun",6,2014,8,2014
"2014-06-16",16,16,"June","Jun",6,2014,8,2014
"2014-06-17",17,17,"June","Jun",6,2014,8,2014
"2014-06-18",18,18,"June","Jun",6,2014,8,2014
"2014-06-19",19,19,"June","Jun",6,2014,8,2014
"2014-06-20",20,20,"June","Jun",6,2014,8,2014
"2014-06-21",21,21,"June","Jun",6,2014,8,2014
"2014-06-22",22,22,"June","Jun",6,2014,8,2014
"2014-06-23",23,23,"June","Jun",6,2014,8,2014
"2014-06-24",24,24,"June","Jun",6,2014,8,2014
"2014-06-25",25,25,"June","Jun",6,2014,8,2014
"2014-06-26",26,26,"June","Jun",6,2014,8,2014
"2014-06-27",27,27,"June","Jun",6,2014,8,2014
"2014-06-28",28,28,"June","Jun",6,2014,8,2014
"2014-06-29",29,29,"June","Jun",6,2014,8,2014
"2014-06-30",30,30,"June","Jun",6,2014,8,2014
"2014-07-01",1,1,"July","Jul",7,2014,9,2014
"2014-07-02",2,2,"July","Jul",7,2014,9,2014
"2014-07-03",3,3,"July","Jul",7,2014,9,2014
"2014-07-04",4,4,"July","Jul",7,2014,9,2014
"2014-07-05",5,5,"July","Jul",7,2014,9,2014
"2014-07-06",6,6,"July","Jul",7,2014,9,2014
"2014-07-07",7,7,"July","Jul",7,2014,9,2014
"2014-07-08",8,8,"July","Jul",7,2014,9,2014
"2014-07-09",9,9,"July","Jul",7,2014,9,2014
"2014-07-10",10,10,"July","Jul",7,2014,9,2014
"2014-07-11",11,11,"July","Jul",7,2014,9,2014
"2014-07-12",12,12,"July","Jul",7,2014,9,2014
"2014-07-13",13,13,"July","Jul",7,2014,9,2014
"2014-07-14",14,14,"July","Jul",7,2014,9,2014
"2014-07-15",15,15,"July","Jul",7,2014,9,2014
"2014-07-16",16,16,"July","Jul",7,2014,9,2014
"2014-07-17",17,17,"July","Jul",7,2014,9,2014
"2014-07-18",18,18,"July","Jul",7,2014,9,2014
"2014-07-19",19,19,"July","Jul",7,2014,9,2014
"2014-07-20",20,20,"July","Jul",7,2014,9,2014
"2014-07-21",21,21,"July","Jul",7,2014,9,2014
"2014-07-22",22,22,"July","Jul",7,2014,9,2014
"2014-07-23",23,23,"July","Jul",7,2014,9,2014
"2014-07-24",24,24,"July","Jul",7,2014,9,2014
"2014-07-25",25,25,"July","Jul",7,2014,9,2014
"2014-07-26",26,26,"July","Jul",7,2014,9,2014
"2014-07-27",27,27,"July","Jul",7,2014,9,2014
"2014-07-28",28,28,"July","Jul",7,2014,9,2014
"2014-07-29",29,29,"July","Jul",7,2014,9,2014
"2014-07-30",30,30,"July","Jul",7,2014,9,2014
"2014-07-31",31,31,"July","Jul",7,2014,9,2014
"2014-08-01",1,1,"August","Aug",8,2014,10,2014
"2014-08-02",2,2,"August","Aug",8,2014,10,2014
"2014-08-03",3,3,"August","Aug",8,2014,10,2014
"2014-08-04",4,4,"August","Aug",8,2014,10,2014
"2014-08-05",5,5,"August","Aug",8,2014,10,2014
"2014-08-06",6,6,"August","Aug",8,2014,10,2014
"2014-08-07",7,7,"August","Aug",8,2014,10,2014
"2014-08-08",8,8,"August","Aug",8,2014,10,2014
"2014-08-09",9,9,"August","Aug",8,2014,10,2014
"2014-08-10",10,10,"August","Aug",8,2014,10,2014
"2014-08-11",11,11,"August","Aug",8,2014,10,2014
"2014-08-12",12,12,"August","Aug",8,2014,10,2014
"2014-08-13",13,13,"August","Aug",8,2014,10,2014
"2014-08-14",14,14,"August","Aug",8,2014,10,2014
"2014-08-15",15,15,"August","Aug",8,2014,10,2014
"2014-08-16",16,16,"August","Aug",8,2014,10,2014
"2014-08-17",17,17,"August","Aug",8,2014,10,2014
"2014-08-18",18,18,"August","Aug",8,2014,10,2014
"2014-08-19",19,19,"August","Aug",8,2014,10,2014
"2014-08-20",20,20,"August","Aug",8,2014,10,2014
"2014-08-21",21,21,"August","Aug",8,2014,10,2014
"2014-08-22",22,22,"August","Aug",8,2014,10,2014
"2014-08-23",23,23,"August","Aug",8,2014,10,2014
"2014-08-24",24,24,"August","Aug",8,2014,10,2014
"2014-08-25",25,25,"August","Aug",8,2014,10,2014
"2014-08-26",26,26,"August","Aug",8,2014,10,2014
"2014-08-27",27,27,"August","Aug",8,2014,10,2014
"2014-08-28",28,28,"August","Aug",8,2014,10,2014
"2014-08-29",29,29,"August","Aug",8,2014,10,2014
"2014-08-30",30,30,"August","Aug",8,2014,10,2014
"2014-08-31",31,31,"August","Aug",8,2014,10,2014
"2014-09-01",1,1,"September","Sep",9,2014,11,2014
"2014-09-02",2,2,"September","Sep",9,2014,11,2014
"2014-09-03",3,3,"September","Sep",9,2014,11,2014
"2014-09-04",4,4,"September","Sep",9,2014,11,2014
"2014-09-05",5,5,"September","Sep",9,2014,11,2014
"2014-09-06",6,6,"September","Sep",9,2014,11,2014
"2014-09-07",7,7,"September","Sep",9,2014,11,2014
"2014-09-08",8,8,"September","Sep",9,2014,11,2014
"2014-09-09",9,9,"September","Sep",9,2014,11,2014
"2014-09-10",10,10,"September","Sep",9,2014,11,2014
"2014-09-11",11,11,"September","Sep",9,2014,11,2014
"2014-09-12",12,12,"September","Sep",9,2014,11,2014
"2014-09-13",13,13,"September","Sep",9,2014,11,2014
"2014-09-14",14,14,"September","Sep",9,2014,11,2014
"2014-09-15",15,15,"September","Sep",9,2014,11,2014
"2014-09-16",16,16,"September","Sep",9,2014,11,2014
"2014-09-17",17,17,"September","Sep",9,2014,11,2014
"2014-09-18",18,18,"September","Sep",9,2014,11,2014
"2014-09-19",19,19,"September","Sep",9,2014,11,2014
"2014-09-20",20,20,"September","Sep",9,2014,11,2014
"2014-09-21",21,21,"September","Sep",9,2014,11,2014
"2014-09-22",22,22,"September","Sep",9,2014,11,2014
"2014-09-23",23,23,"September","Sep",9,2014,11,2014
"2014-09-24",24,24,"September","Sep",9,2014,11,2014
"2014-09-25",25,25,"September","Sep",9,2014,11,2014
"2014-09-26",26,26,"September","Sep",9,2014,11,2014
"2014-09-27",27,27,"September","Sep",9,2014,11,2014
"2014-09-28",28,28,"September","Sep",9,2014,11,2014
"2014-09-29",29,29,"September","Sep",9,2014,11,2014
"2014-09-30",30,30,"September","Sep",9,2014,11,2014
"2014-10-01",1,1,"October","Oct",10,2014,12,2014
"2014-10-02",2,2,"October","Oct",10,2014,12,2014
"2014-10-03",3,3,"October","Oct",10,2014,12,2014
"2014-10-04",4,4,"October","Oct",10,2014,12,2014
"2014-10-05",5,5,"October","Oct",10,2014,12,2014
"2014-10-06",6,6,"October","Oct",10,2014,12,2014
"2014-10-07",7,7,"October","Oct",10,2014,12,2014
"2014-10-08",8,8,"October","Oct",10,2014,12,2014
"2014-10-09",9,9,"October","Oct",10,2014,12,2014
"2014-10-10",10,10,"October","Oct",10,2014,12,2014
"2014-10-11",11,11,"October","Oct",10,2014,12,2014
"2014-10-12",12,12,"October","Oct",10,2014,12,2014
"2014-10-13",13,13,"October","Oct",10,2014,12,2014
"2014-10-14",14,14,"October","Oct",10,2014,12,2014
"2014-10-15",15,15,"October","Oct",10,2014,12,2014
"2014-10-16",16,16,"October","Oct",10,2014,12,2014
"2014-10-17",17,17,"October","Oct",10,2014,12,2014
"2014-10-18",18,18,"October","Oct",10,2014,12,2014
"2014-10-19",19,19,"October","Oct",10,2014,12,2014
"2014-10-20",20,20,"October","Oct",10,2014,12,2014
"2014-10-21",21,21,"October","Oct",10,2014,12,2014
"2014-10-22",22,22,"October","Oct",10,2014,12,2014
"2014-10-23",23,23,"October","Oct",10,2014,12,2014
"2014-10-24",24,24,"October","Oct",10,2014,12,2014
"2014-10-25",25,25,"October","Oct",10,2014,12,2014
"2014-10-26",26,26,"October","Oct",10,2014,12,2014
"2014-10-27",27,27,"October","Oct",10,2014,12,2014
"2014-10-28",28,28,"October","Oct",10,2014,12,2014
"2014-10-29",29,29,"October","Oct",10,2014,12,2014
"2014-10-30",30,30,"October","Oct",10,2014,12,2014
"2014-10-31",31,31,"October","Oct",10,2014,12,2014
"2014-11-01",1,1,"November","Nov",11,2014,1,2015
"2014-11-02",2,2,"November","Nov",11,2014,1,2015
"2014-11-03",3,3,"November","Nov",11,2014,1,2015
"2014-11-04",4,4,"November","Nov",11,2014,1,2015
"2014-11-05",5,5,"November","Nov",11,2014,1,2015
"2014-11-06",6,6,"November","Nov",11,2014,1,2015
"2014-11-07",7,7,"November","Nov",11,2014,1,2015
"2014-11-08",8,8,"November","Nov",11,2014,1,2015
"2014-11-09",9,9,"November","Nov",11,2014,1,2015
"2014-11-10",10,10,"November","Nov",11,2014,1,2015
"2014-11-11",11,11,"November","Nov",11,2014,1,2015
"2014-11-12",12,12,"November","Nov",11,2014,1,2015
"2014-11-13",13,13,"November","Nov",11,2014,1,2015
"2014-11-14",14,14,"November","Nov",11,2014,1,2015
"2014-11-15",15,15,"November","Nov",11,2014,1,2015
"2014-11-16",16,16,"November","Nov",11,2014,1,2015
"2014-11-17",17,17,"November","Nov",11,2014,1,2015
"2014-11-18",18,18,"November","Nov",11,2014,1,2015
"2014-11-19",19,19,"November","Nov",11,2014,1,2015
"2014-11-20",20,20,"November","Nov",11,2014,1,2015
"2014-11-21",21,21,"November","Nov",11,2014,1,2015
"2014-11-22",22,22,"November","Nov",11,2014,1,2015
"2014-11-23",23,23,"November","Nov",11,2014,1,2015
"2014-11-24",24,24,"November","Nov",11,2014,1,2015
"2014-11-25",25,25,"November","Nov",11,2014,1,2015
"2014-11-26",26,26,"November","Nov",11,2014,1,2015
"2014-11-27",27,27,"November","Nov",11,2014,1,2015
"2014-11-28",28,28,"November","Nov",11,2014,1,2015
"2014-11-29",29,29,"November","Nov",11,2014,1,2015
"2014-11-30",30,30,"November","Nov",11,2014,1,2015
"2014-12-01",1,1,"December","Dec",12,2014,2,2015
"2014-12-02",2,2,"December","Dec",12,2014,2,2015
"2014-12-03",3,3,"December","Dec",12,2014,2,2015
"2014-12-04",4,4,"December","Dec",12,2014,2,2015
"2014-12-05",5,5,"December","Dec",12,2014,2,2015
"2014-12-06",6,6,"December","Dec",12,2014,2,2015
"2014-12-07",7,7,"December","Dec",12,2014,2,2015
"2014-12-08",8,8,"December","Dec",12,2014,2,2015
"2014-12-09",9,9,"December","Dec",12,2014,2,2015
"2014-12-10",10,10,"December","Dec",12,2014,2,2015
"2014-12-11",11,11,"December","Dec",12,2014,2,2015
"2014-12-12",12,12,"December","Dec",12,2014,2,2015
"2014-12-13",13,13,"December","Dec",12,2014,2,2015
"2014-12-14",14,14,"December","Dec",12,2014,2,2015
"2014-12-15",15,15,"December","Dec",12,2014,2,2015
"2014-12-16",16,16,"December","Dec",12,2014,2,2015
"2014-12-17",17,17,"December","Dec",12,2014,2,2015
"2014-12-18",18,18,"December","Dec",12,2014,2,2015
"2014-12-19",19,19,"December","Dec",12,2014,2,2015
"2014-12-20",20,20,"December","Dec",12,2014,2,2015
"2014-12-21",21,21,"December","Dec",12,2014,2,2015
"2014-12-22",22,22,"December","Dec",12,2014,2,2015
"2014-12-23",23,23,"December","Dec",12,2014,2,2015
"2014-12-24",24,24,"December","Dec",12,2014,2,2015
"2014-12-25",25,25,"December","Dec",12,2014,2,2015
"2014-12-26",26,26,"December","Dec",12,2014,2,2015
"2014-12-27",27,27,"December","Dec",12,2014,2,2015
"2014-12-28",28,28,"December","Dec",12,2014,2,2015
"2014-12-29",29,29,"December","Dec",12,2014,2,2015
"2014-12-30",30,30,"December","Dec",12,2014,2,2015
"2014-12-31",31,31,"December","Dec",12,2014,2,2015
"2015-01-01",1,1,"January","Jan",1,2015,3,2015
"2015-01-02",2,2,"January","Jan",1,2015,3,2015
"2015-01-03",3,3,"January","Jan",1,2015,3,2015
"2015-01-04",4,4,"January","Jan",1,2015,3,2015
"2015-01-05",5,5,"January","Jan",1,2015,3,2015
"2015-01-06",6,6,"January","Jan",1,2015,3,2015
"2015-01-07",7,7,"January","Jan",1,2015,3,2015
"2015-01-08",8,8,"January","Jan",1,2015,3,2015
"2015-01-09",9,9,"January","Jan",1,2015,3,2015
"2015-01-10",10,10,"January","Jan",1,2015,3,2015
"2015-01-11",11,11,"January","Jan",1,2015,3,2015
"2015-01-12",12,12,"January","Jan",1,2015,3,2015
"2015-01-13",13,13,"January","Jan",1,2015,3,2015
"2015-01-14",14,14,"January","Jan",1,2015,3,2015
"2015-01-15",15,15,"January","Jan",1,2015,3,2015
"2015-01-16",16,16,"January","Jan",1,2015,3,2015
"2015-01-17",17,17,"January","Jan",1,2015,3,2015
"2015-01-18",18,18,"January","Jan",1,2015,3,2015
"2015-01-19",19,19,"January","Jan",1,2015,3,2015
"2015-01-20",20,20,"January","Jan",1,2015,3,2015
"2015-01-21",21,21,"January","Jan",1,2015,3,2015
"2015-01-22",22,22,"January","Jan",1,2015,3,2015
"2015-01-23",23,23,"January","Jan",1,2015,3,2015
"2015-01-24",24,24,"January","Jan",1,2015,3,2015
"2015-01-25",25,25,"January","Jan",1,2015,3,2015
"2015-01-26",26,26,"January","Jan",1,2015,3,2015
"2015-01-27",27,27,"January","Jan",1,2015,3,2015
"2015-01-28",28,28,"January","Jan",1,2015,3,2015
"2015-01-29",29,29,"January","Jan",1,2015,3,2015
"2015-01-30",30,30,"January","Jan",1,2015,3,2015
"2015-01-31",31,31,"January","Jan",1,2015,3,2015
"2015-02-01",1,1,"February","Feb",2,2015,4,2015
"2015-02-02",2,2,"February","Feb",2,2015,4,2015
"2015-02-03",3,3,"February","Feb",2,2015,4,2015
"2015-02-04",4,4,"February","Feb",2,2015,4,2015
"2015-02-05",5,5,"February","Feb",2,2015,4,2015
"2015-02-06",6,6,"February","Feb",2,2015,4,2015
"2015-02-07",7,7,"February","Feb",2,2015,4,2015
"2015-02-08",8,8,"February","Feb",2,2015,4,2015
"2015-02-09",9,9,"February","Feb",2,2015,4,2015
"2015-02-10",10,10,"February","Feb",2,2015,4,2015
"2015-02-11",11,11,"February","Feb",2,2015,4,2015
"2015-02-12",12,12,"February","Feb",2,2015,4,2015
"2015-02-13",13,13,"February","Feb",2,2015,4,2015
"2015-02-14",14,14,"February","Feb",2,2015,4,2015
"2015-02-15",15,15,"February","Feb",2,2015,4,2015
"2015-02-16",16,16,"February","Feb",2,2015,4,2015
"2015-02-17",17,17,"February","Feb",2,2015,4,2015
"2015-02-18",18,18,"February","Feb",2,2015,4,2015
"2015-02-19",19,19,"February","Feb",2,2015,4,2015
"2015-02-20",20,20,"February","Feb",2,2015,4,2015
"2015-02-21",21,21,"February","Feb",2,2015,4,2015
"2015-02-22",22,22,"February","Feb",2,2015,4,2015
"2015-02-23",23,23,"February","Feb",2,2015,4,2015
"2015-02-24",24,24,"February","Feb",2,2015,4,2015
"2015-02-25",25,25,"February","Feb",2,2015,4,2015
"2015-02-26",26,26,"February","Feb",2,2015,4,2015
"2015-02-27",27,27,"February","Feb",2,2015,4,2015
"2015-02-28",28,28,"February","Feb",2,2015,4,2015
"2015-03-01",1,1,"March","Mar",3,2015,5,2015
"2015-03-02",2,2,"March","Mar",3,2015,5,2015
"2015-03-03",3,3,"March","Mar",3,2015,5,2015
"2015-03-04",4,4,"March","Mar",3,2015,5,2015
"2015-03-05",5,5,"March","Mar",3,2015,5,2015
"2015-03-06",6,6,"March","Mar",3,2015,5,2015
"2015-03-07",7,7,"March","Mar",3,2015,5,2015
"2015-03-08",8,8,"March","Mar",3,2015,5,2015
"2015-03-09",9,9,"March","Mar",3,2015,5,2015
"2015-03-10",10,10,"March","Mar",3,2015,5,2015
"2015-03-11",11,11,"March","Mar",3,2015,5,2015
"2015-03-12",12,12,"March","Mar",3,2015,5,2015
"2015-03-13",13,13,"March","Mar",3,2015,5,2015
"2015-03-14",14,14,"March","Mar",3,2015,5,2015
"2015-03-15",15,15,"March","Mar",3,2015,5,2015
"2015-03-16",16,16,"March","Mar",3,2015,5,2015
"2015-03-17",17,17,"March","Mar",3,2015,5,2015
"2015-03-18",18,18,"March","Mar",3,2015,5,2015
"2015-03-19",19,19,"March","Mar",3,2015,5,2015
"2015-03-20",20,20,"March","Mar",3,2015,5,2015
"2015-03-21",21,21,"March","Mar",3,2015,5,2015
"2015-03-22",22,22,"March","Mar",3,2015,5,2015
"2015-03-23",23,23,"March","Mar",3,2015,5,2015
"2015-03-24",24,24,"March","Mar",3,2015,5,2015
"2015-03-25",25,25,"March","Mar",3,2015,5,2015
"2015-03-26",26,26,"March","Mar",3,2015,5,2015
"2015-03-27",27,27,"March","Mar",3,2015,5,2015
"2015-03-28",28,28,"March","Mar",3,2015,5,2015
"2015-03-29",29,29,"March","Mar",3,2015,5,2015
"2015-03-30",30,30,"March","Mar",3,2015,5,2015
"2015-03-31",31,31,"March","Mar",3,2015,5,2015
"2015-04-01",1,1,"April","Apr",4,2015,6,2015
"2015-04-02",2,2,"April","Apr",4,2015,6,2015
"2015-04-03",3,3,"April","Apr",4,2015,6,2015
"2015-04-04",4,4,"April","Apr",4,2015,6,2015
"2015-04-05",5,5,"April","Apr",4,2015,6,2015
"2015-04-06",6,6,"April","Apr",4,2015,6,2015
"2015-04-07",7,7,"April","Apr",4,2015,6,2015
"2015-04-08",8,8,"April","Apr",4,2015,6,2015
"2015-04-09",9,9,"April","Apr",4,2015,6,2015
"2015-04-10",10,10,"April","Apr",4,2015,6,2015
"2015-04-11",11,11,"April","Apr",4,2015,6,2015
"2015-04-12",12,12,"April","Apr",4,2015,6,2015
"2015-04-13",13,13,"April","Apr",4,2015,6,2015
"2015-04-14",14,14,"April","Apr",4,2015,6,2015
"2015-04-15",15,15,"April","Apr",4,2015,6,2015
"2015-04-16",16,16,"April","Apr",4,2015,6,2015
"2015-04-17",17,17,"April","Apr",4,2015,6,2015
"2015-04-18",18,18,"April","Apr",4,2015,6,2015
"2015-04-19",19,19,"April","Apr",4,2015,6,2015
"2015-04-20",20,20,"April","Apr",4,2015,6,2015
"2015-04-21",21,21,"April","Apr",4,2015,6,2015
"2015-04-22",22,22,"April","Apr",4,2015,6,2015
"2015-04-23",23,23,"April","Apr",4,2015,6,2015
"2015-04-24",24,24,"April","Apr",4,2015,6,2015
"2015-04-25",25,25,"April","Apr",4,2015,6,2015
"2015-04-26",26,26,"April","Apr",4,2015,6,2015
"2015-04-27",27,27,"April","Apr",4,2015,6,2015
"2015-04-28",28,28,"April","Apr",4,2015,6,2015
"2015-04-29",29,29,"April","Apr",4,2015,6,2015
"2015-04-30",30,30,"April","Apr",4,2015,6,2015
"2015-05-01",1,1,"May","May",5,2015,7,2015
"2015-05-02",2,2,"May","May",5,2015,7,2015
"2015-05-03",3,3,"May","May",5,2015,7,2015
"2015-05-04",4,4,"May","May",5,2015,7,2015
"2015-05-05",5,5,"May","May",5,2015,7,2015
"2015-05-06",6,6,"May","May",5,2015,7,2015
"2015-05-07",7,7,"May","May",5,2015,7,2015
"2015-05-08",8,8,"May","May",5,2015,7,2015
"2015-05-09",9,9,"May","May",5,2015,7,2015
"2015-05-10",10,10,"May","May",5,2015,7,2015
"2015-05-11",11,11,"May","May",5,2015,7,2015
"2015-05-12",12,12,"May","May",5,2015,7,2015
"2015-05-13",13,13,"May","May",5,2015,7,2015
"2015-05-14",14,14,"May","May",5,2015,7,2015
"2015-05-15",15,15,"May","May",5,2015,7,2015
"2015-05-16",16,16,"May","May",5,2015,7,2015
"2015-05-17",17,17,"May","May",5,2015,7,2015
"2015-05-18",18,18,"May","May",5,2015,7,2015
"2015-05-19",19,19,"May","May",5,2015,7,2015
"2015-05-20",20,20,"May","May",5,2015,7,2015
"2015-05-21",21,21,"May","May",5,2015,7,2015
"2015-05-22",22,22,"May","May",5,2015,7,2015
"2015-05-23",23,23,"May","May",5,2015,7,2015
"2015-05-24",24,24,"May","May",5,2015,7,2015
"2015-05-25",25,25,"May","May",5,2015,7,2015
"2015-05-26",26,26,"May","May",5,2015,7,2015
"2015-05-27",27,27,"May","May",5,2015,7,2015
"2015-05-28",28,28,"May","May",5,2015,7,2015
"2015-05-29",29,29,"May","May",5,2015,7,2015
"2015-05-30",30,30,"May","May",5,2015,7,2015
"2015-05-31",31,31,"May","May",5,2015,7,2015
"2015-06-01",1,1,"June","Jun",6,2015,8,2015
"2015-06-02",2,2,"June","Jun",6,2015,8,2015
"2015-06-03",3,3,"June","Jun",6,2015,8,2015
"2015-06-04",4,4,"June","Jun",6,2015,8,2015
"2015-06-05",5,5,"June","Jun",6,2015,8,2015
"2015-06-06",6,6,"June","Jun",6,2015,8,2015
"2015-06-07",7,7,"June","Jun",6,2015,8,2015
"2015-06-08",8,8,"June","Jun",6,2015,8,2015
"2015-06-09",9,9,"June","Jun",6,2015,8,2015
"2015-06-10",10,10,"June","Jun",6,2015,8,2015
"2015-06-11",11,11,"June","Jun",6,2015,8,2015
"2015-06-12",12,12,"June","Jun",6,2015,8,2015
"2015-06-13",13,13,"June","Jun",6,2015,8,2015
"2015-06-14",14,14,"June","Jun",6,2015,8,2015
"2015-06-15",15,15,"June","Jun",6,2015,8,2015
"2015-06-16",16,16,"June","Jun",6,2015,8,2015
"2015-06-17",17,17,"June","Jun",6,2015,8,2015
"2015-06-18",18,18,"June","Jun",6,2015,8,2015
"2015-06-19",19,19,"June","Jun",6,2015,8,2015
"2015-06-20",20,20,"June","Jun",6,2015,8,2015
"2015-06-21",21,21,"June","Jun",6,2015,8,2015
"2015-06-22",22,22,"June","Jun",6,2015,8,2015
"2015-06-23",23,23,"June","Jun",6,2015,8,2015
"2015-06-24",24,24,"June","Jun",6,2015,8,2015
"2015-06-25",25,25,"June","Jun",6,2015,8,2015
"2015-06-26",26,26,"June","Jun",6,2015,8,2015
"2015-06-27",27,27,"June","Jun",6,2015,8,2015
"2015-06-28",28,28,"June","Jun",6,2015,8,2015
"2015-06-29",29,29,"June","Jun",6,2015,8,2015
"2015-06-30",30,30,"June","Jun",6,2015,8,2015
"2015-07-01",1,1,"July","Jul",7,2015,9,2015
"2015-07-02",2,2,"July","Jul",7,2015,9,2015
"2015-07-03",3,3,"July","Jul",7,2015,9,2015
"2015-07-04",4,4,"July","Jul",7,2015,9,2015
"2015-07-05",5,5,"July","Jul",7,2015,9,2015
"2015-07-06",6,6,"July","Jul",7,2015,9,2015
"2015-07-07",7,7,"July","Jul",7,2015,9,2015
"2015-07-08",8,8,"July","Jul",7,2015,9,2015
"2015-07-09",9,9,"July","Jul",7,2015,9,2015
"2015-07-10",10,10,"July","Jul",7,2015,9,2015
"2015-07-11",11,11,"July","Jul",7,2015,9,2015
"2015-07-12",12,12,"July","Jul",7,2015,9,2015
"2015-07-13",13,13,"July","Jul",7,2015,9,2015
"2015-07-14",14,14,"July","Jul",7,2015,9,2015
"2015-07-15",15,15,"July","Jul",7,2015,9,2015
"2015-07-16",16,16,"July","Jul",7,2015,9,2015
"2015-07-17",17,17,"July","Jul",7,2015,9,2015
"2015-07-18",18,18,"July","Jul",7,2015,9,2015
"2015-07-19",19,19,"July","Jul",7,2015,9,2015
"2015-07-20",20,20,"July","Jul",7,2015,9,2015
"2015-07-21",21,21,"July","Jul",7,2015,9,2015
"2015-07-22",22,22,"July","Jul",7,2015,9,2015
"2015-07-23",23,23,"July","Jul",7,2015,9,2015
"2015-07-24",24,24,"July","Jul",7,2015,9,2015
"2015-07-25",25,25,"July","Jul",7,2015,9,2015
"2015-07-26",26,26,"July","Jul",7,2015,9,2015
"2015-07-27",27,27,"July","Jul",7,2015,9,2015
"2015-07-28",28,28,"July","Jul",7,2015,9,2015
"2015-07-29",29,29,"July","Jul",7,2015,9,2015
"2015-07-30",30,30,"July","Jul",7,2015,9,2015
"2015-07-31",31,31,"July","Jul",7,2015,9,2015
"2015-08-01",1,1,"August","Aug",8,2015,10,2015
"2015-08-02",2,2,"August","Aug",8,2015,10,2015
"2015-08-03",3,3,"August","Aug",8,2015,10,2015
"2015-08-04",4,4,"August","Aug",8,2015,10,2015
"2015-08-05",5,5,"August","Aug",8,2015,10,2015
"2015-08-06",6,6,"August","Aug",8,2015,10,2015
"2015-08-07",7,7,"August","Aug",8,2015,10,2015
"2015-08-08",8,8,"August","Aug",8,2015,10,2015
"2015-08-09",9,9,"August","Aug",8,2015,10,2015
"2015-08-10",10,10,"August","Aug",8,2015,10,2015
"2015-08-11",11,11,"August","Aug",8,2015,10,2015
"2015-08-12",12,12,"August","Aug",8,2015,10,2015
"2015-08-13",13,13,"August","Aug",8,2015,10,2015
"2015-08-14",14,14,"August","Aug",8,2015,10,2015
"2015-08-15",15,15,"August","Aug",8,2015,10,2015
"2015-08-16",16,16,"August","Aug",8,2015,10,2015
"2015-08-17",17,17,"August","Aug",8,2015,10,2015
"2015-08-18",18,18,"August","Aug",8,2015,10,2015
"2015-08-19",19,19,"August","Aug",8,2015,10,2015
"2015-08-20",20,20,"August","Aug",8,2015,10,2015
"2015-08-21",21,21,"August","Aug",8,2015,10,2015
"2015-08-22",22,22,"August","Aug",8,2015,10,2015
"2015-08-23",23,23,"August","Aug",8,2015,10,2015
"2015-08-24",24,24,"August","Aug",8,2015,10,2015
"2015-08-25",25,25,"August","Aug",8,2015,10,2015
"2015-08-26",26,26,"August","Aug",8,2015,10,2015
"2015-08-27",27,27,"August","Aug",8,2015,10,2015
"2015-08-28",28,28,"August","Aug",8,2015,10,2015
"2015-08-29",29,29,"August","Aug",8,2015,10,2015
"2015-08-30",30,30,"August","Aug",8,2015,10,2015
"2015-08-31",31,31,"August","Aug",8,2015,10,2015
"2015-09-01",1,1,"September","Sep",9,2015,11,2015
"2015-09-02",2,2,"September","Sep",9,2015,11,2015
"2015-09-03",3,3,"September","Sep",9,2015,11,2015
"2015-09-04",4,4,"September","Sep",9,2015,11,2015
"2015-09-05",5,5,"September","Sep",9,2015,11,2015
"2015-09-06",6,6,"September","Sep",9,2015,11,2015
"2015-09-07",7,7,"September","Sep",9,2015,11,2015
"2015-09-08",8,8,"September","Sep",9,2015,11,2015
"2015-09-09",9,9,"September","Sep",9,2015,11,2015
"2015-09-10",10,10,"September","Sep",9,2015,11,2015
"2015-09-11",11,11,"September","Sep",9,2015,11,2015
"2015-09-12",12,12,"September","Sep",9,2015,11,2015
"2015-09-13",13,13,"September","Sep",9,2015,11,2015
"2015-09-14",14,14,"September","Sep",9,2015,11,2015
"2015-09-15",15,15,"September","Sep",9,2015,11,2015
"2015-09-16",16,16,"September","Sep",9,2015,11,2015
"2015-09-17",17,17,"September","Sep",9,2015,11,2015
"2015-09-18",18,18,"September","Sep",9,2015,11,2015
"2015-09-19",19,19,"September","Sep",9,2015,11,2015
"2015-09-20",20,20,"September","Sep",9,2015,11,2015
"2015-09-21",21,21,"September","Sep",9,2015,11,2015
"2015-09-22",22,22,"September","Sep",9,2015,11,2015
"2015-09-23",23,23,"September","Sep",9,2015,11,2015
"2015-09-24",24,24,"September","Sep",9,2015,11,2015
"2015-09-25",25,25,"September","Sep",9,2015,11,2015
"2015-09-26",26,26,"September","Sep",9,2015,11,2015
"2015-09-27",27,27,"September","Sep",9,2015,11,2015
"2015-09-28",28,28,"September","Sep",9,2015,11,2015
"2015-09-29",29,29,"September","Sep",9,2015,11,2015
"2015-09-30",30,30,"September","Sep",9,2015,11,2015
"2015-10-01",1,1,"October","Oct",10,2015,12,2015
"2015-10-02",2,2,"October","Oct",10,2015,12,2015
"2015-10-03",3,3,"October","Oct",10,2015,12,2015
"2015-10-04",4,4,"October","Oct",10,2015,12,2015
"2015-10-05",5,5,"October","Oct",10,2015,12,2015
"2015-10-06",6,6,"October","Oct",10,2015,12,2015
"2015-10-07",7,7,"October","Oct",10,2015,12,2015
"2015-10-08",8,8,"October","Oct",10,2015,12,2015
"2015-10-09",9,9,"October","Oct",10,2015,12,2015
"2015-10-10",10,10,"October","Oct",10,2015,12,2015
"2015-10-11",11,11,"October","Oct",10,2015,12,2015
"2015-10-12",12,12,"October","Oct",10,2015,12,2015
"2015-10-13",13,13,"October","Oct",10,2015,12,2015
"2015-10-14",14,14,"October","Oct",10,2015,12,2015
"2015-10-15",15,15,"October","Oct",10,2015,12,2015
"2015-10-16",16,16,"October","Oct",10,2015,12,2015
"2015-10-17",17,17,"October","Oct",10,2015,12,2015
"2015-10-18",18,18,"October","Oct",10,2015,12,2015
"2015-10-19",19,19,"October","Oct",10,2015,12,2015
"2015-10-20",20,20,"October","Oct",10,2015,12,2015
"2015-10-21",21,21,"October","Oct",10,2015,12,2015
"2015-10-22",22,22,"October","Oct",10,2015,12,2015
"2015-10-23",23,23,"October","Oct",10,2015,12,2015
"2015-10-24",24,24,"October","Oct",10,2015,12,2015
"2015-10-25",25,25,"October","Oct",10,2015,12,2015
"2015-10-26",26,26,"October","Oct",10,2015,12,2015
"2015-10-27",27,27,"October","Oct",10,2015,12,2015
"2015-10-28",28,28,"October","Oct",10,2015,12,2015
"2015-10-29",29,29,"October","Oct",10,2015,12,2015
"2015-10-30",30,30,"October","Oct",10,2015,12,2015
"2015-10-31",31,31,"October","Oct",10,2015,12,2015
"2015-11-01",1,1,"November","Nov",11,2015,1,2016
"2015-11-02",2,2,"November","Nov",11,2015,1,2016
"2015-11-03",3,3,"November","Nov",11,2015,1,2016
"2015-11-04",4,4,"November","Nov",11,2015,1,2016
"2015-11-05",5,5,"November","Nov",11,2015,1,2016
"2015-11-06",6,6,"November","Nov",11,2015,1,2016
"2015-11-07",7,7,"November","Nov",11,2015,1,2016
"2015-11-08",8,8,"November","Nov",11,2015,1,2016
"2015-11-09",9,9,"November","Nov",11,2015,1,2016
"2015-11-10",10,10,"November","Nov",11,2015,1,2016
"2015-11-11",11,11,"November","Nov",11,2015,1,2016
"2015-11-12",12,12,"November","Nov",11,2015,1,2016
"2015-11-13",13,13,"November","Nov",11,2015,1,2016
"2015-11-14",14,14,"November","Nov",11,2015,1,2016
"2015-11-15",15,15,"November","Nov",11,2015,1,2016
"2015-11-16",16,16,"November","Nov",11,2015,1,2016
"2015-11-17",17,17,"November","Nov",11,2015,1,2016
"2015-11-18",18,18,"November","Nov",11,2015,1,2016
"2015-11-19",19,19,"November","Nov",11,2015,1,2016
"2015-11-20",20,20,"November","Nov",11,2015,1,2016
"2015-11-21",21,21,"November","Nov",11,2015,1,2016
"2015-11-22",22,22,"November","Nov",11,2015,1,2016
"2015-11-23",23,23,"November","Nov",11,2015,1,2016
"2015-11-24",24,24,"November","Nov",11,2015,1,2016
"2015-11-25",25,25,"November","Nov",11,2015,1,2016
"2015-11-26",26,26,"November","Nov",11,2015,1,2016
"2015-11-27",27,27,"November","Nov",11,2015,1,2016
"2015-11-28",28,28,"November","Nov",11,2015,1,2016
"2015-11-29",29,29,"November","Nov",11,2015,1,2016
"2015-11-30",30,30,"November","Nov",11,2015,1,2016
"2015-12-01",1,1,"December","Dec",12,2015,2,2016
"2015-12-02",2,2,"December","Dec",12,2015,2,2016
"2015-12-03",3,3,"December","Dec",12,2015,2,2016
"2015-12-04",4,4,"December","Dec",12,2015,2,2016
"2015-12-05",5,5,"December","Dec",12,2015,2,2016
"2015-12-06",6,6,"December","Dec",12,2015,2,2016
"2015-12-07",7,7,"December","Dec",12,2015,2,2016
"2015-12-08",8,8,"December","Dec",12,2015,2,2016
"2015-12-09",9,9,"December","Dec",12,2015,2,2016
"2015-12-10",10,10,"December","Dec",12,2015,2,2016
"2015-12-11",11,11,"December","Dec",12,2015,2,2016
"2015-12-12",12,12,"December","Dec",12,2015,2,2016
"2015-12-13",13,13,"December","Dec",12,2015,2,2016
"2015-12-14",14,14,"December","Dec",12,2015,2,2016
"2015-12-15",15,15,"December","Dec",12,2015,2,2016
"2015-12-16",16,16,"December","Dec",12,2015,2,2016
"2015-12-17",17,17,"December","Dec",12,2015,2,2016
"2015-12-18",18,18,"December","Dec",12,2015,2,2016
"2015-12-19",19,19,"December","Dec",12,2015,2,2016
"2015-12-20",20,20,"December","Dec",12,2015,2,2016
"2015-12-21",21,21,"December","Dec",12,2015,2,2016
"2015-12-22",22,22,"December","Dec",12,2015,2,2016
"2015-12-23",23,23,"December","Dec",12,2015,2,2016
"2015-12-24",24,24,"December","Dec",12,2015,2,2016
"2015-12-25",25,25,"December","Dec",12,2015,2,2016
"2015-12-26",26,26,"December","Dec",12,2015,2,2016
"2015-12-27",27,27,"December","Dec",12,2015,2,2016
"2015-12-28",28,28,"December","Dec",12,2015,2,2016
"2015-12-29",29,29,"December","Dec",12,2015,2,2016
"2015-12-30",30,30,"December","Dec",12,2015,2,2016
"2015-12-31",31,31,"December","Dec",12,2015,2,2016
"2016-01-01",1,1,"January","Jan",1,2016,3,2016
"2016-01-02",2,2,"January","Jan",1,2016,3,2016
"2016-01-03",3,3,"January","Jan",1,2016,3,2016
"2016-01-04",4,4,"January","Jan",1,2016,3,2016
"2016-01-05",5,5,"January","Jan",1,2016,3,2016
"2016-01-06",6,6,"January","Jan",1,2016,3,2016
"2016-01-07",7,7,"January","Jan",1,2016,3,2016
"2016-01-08",8,8,"January","Jan",1,2016,3,2016
"2016-01-09",9,9,"January","Jan",1,2016,3,2016
"2016-01-10",10,10,"January","Jan",1,2016,3,2016
"2016-01-11",11,11,"January","Jan",1,2016,3,2016
"2016-01-12",12,12,"January","Jan",1,2016,3,2016
"2016-01-13",13,13,"January","Jan",1,2016,3,2016
"2016-01-14",14,14,"January","Jan",1,2016,3,2016
"2016-01-15",15,15,"January","Jan",1,2016,3,2016
"2016-01-16",16,16,"January","Jan",1,2016,3,2016
"2016-01-17",17,17,"January","Jan",1,2016,3,2016
"2016-01-18",18,18,"January","Jan",1,2016,3,2016
"2016-01-19",19,19,"January","Jan",1,2016,3,2016
"2016-01-20",20,20,"January","Jan",1,2016,3,2016
"2016-01-21",21,21,"January","Jan",1,2016,3,2016
"2016-01-22",22,22,"January","Jan",1,2016,3,2016
"2016-01-23",23,23,"January","Jan",1,2016,3,2016
"2016-01-24",24,24,"January","Jan",1,2016,3,2016
"2016-01-25",25,25,"January","Jan",1,2016,3,2016
"2016-01-26",26,26,"January","Jan",1,2016,3,2016
"2016-01-27",27,27,"January","Jan",1,2016,3,2016
"2016-01-28",28,28,"January","Jan",1,2016,3,2016
"2016-01-29",29,29,"January","Jan",1,2016,3,2016
"2016-01-30",30,30,"January","Jan",1,2016,3,2016
"2016-01-31",31,31,"January","Jan",1,2016,3,2016
"2016-02-01",1,1,"February","Feb",2,2016,4,2016
"2016-02-02",2,2,"February","Feb",2,2016,4,2016
"2016-02-03",3,3,"February","Feb",2,2016,4,2016
"2016-02-04",4,4,"February","Feb",2,2016,4,2016
"2016-02-05",5,5,"February","Feb",2,2016,4,2016
"2016-02-06",6,6,"February","Feb",2,2016,4,2016
"2016-02-07",7,7,"February","Feb",2,2016,4,2016
"2016-02-08",8,8,"February","Feb",2,2016,4,2016
"2016-02-09",9,9,"February","Feb",2,2016,4,2016
"2016-02-10",10,10,"February","Feb",2,2016,4,2016
"2016-02-11",11,11,"February","Feb",2,2016,4,2016
"2016-02-12",12,12,"February","Feb",2,2016,4,2016
"2016-02-13",13,13,"February","Feb",2,2016,4,2016
"2016-02-14",14,14,"February","Feb",2,2016,4,2016
"2016-02-15",15,15,"February","Feb",2,2016,4,2016
"2016-02-16",16,16,"February","Feb",2,2016,4,2016
"2016-02-17",17,17,"February","Feb",2,2016,4,2016
"2016-02-18",18,18,"February","Feb",2,2016,4,2016
"2016-02-19",19,19,"February","Feb",2,2016,4,2016
"2016-02-20",20,20,"February","Feb",2,2016,4,2016
"2016-02-21",21,21,"February","Feb",2,2016,4,2016
"2016-02-22",22,22,"February","Feb",2,2016,4,2016
"2016-02-23",23,23,"February","Feb",2,2016,4,2016
"2016-02-24",24,24,"February","Feb",2,2016,4,2016
"2016-02-25",25,25,"February","Feb",2,2016,4,2016
"2016-02-26",26,26,"February","Feb",2,2016,4,2016
"2016-02-27",27,27,"February","Feb",2,2016,4,2016
"2016-02-28",28,28,"February","Feb",2,2016,4,2016
"2016-02-29",29,29,"February","Feb",2,2016,4,2016
"2016-03-01",1,1,"March","Mar",3,2016,5,2016
"2016-03-02",2,2,"March","Mar",3,2016,5,2016
"2016-03-03",3,3,"March","Mar",3,2016,5,2016
"2016-03-04",4,4,"March","Mar",3,2016,5,2016
"2016-03-05",5,5,"March","Mar",3,2016,5,2016
"2016-03-06",6,6,"March","Mar",3,2016,5,2016
"2016-03-07",7,7,"March","Mar",3,2016,5,2016
"2016-03-08",8,8,"March","Mar",3,2016,5,2016
"2016-03-09",9,9,"March","Mar",3,2016,5,2016
"2016-03-10",10,10,"March","Mar",3,2016,5,2016
"2016-03-11",11,11,"March","Mar",3,2016,5,2016
"2016-03-12",12,12,"March","Mar",3,2016,5,2016
"2016-03-13",13,13,"March","Mar",3,2016,5,2016
"2016-03-14",14,14,"March","Mar",3,2016,5,2016
"2016-03-15",15,15,"March","Mar",3,2016,5,2016
"2016-03-16",16,16,"March","Mar",3,2016,5,2016
"2016-03-17",17,17,"March","Mar",3,2016,5,2016
"2016-03-18",18,18,"March","Mar",3,2016,5,2016
"2016-03-19",19,19,"March","Mar",3,2016,5,2016
"2016-03-20",20,20,"March","Mar",3,2016,5,2016
"2016-03-21",21,21,"March","Mar",3,2016,5,2016
"2016-03-22",22,22,"March","Mar",3,2016,5,2016
"2016-03-23",23,23,"March","Mar",3,2016,5,2016
"2016-03-24",24,24,"March","Mar",3,2016,5,2016
"2016-03-25",25,25,"March","Mar",3,2016,5,2016
"2016-03-26",26,26,"March","Mar",3,2016,5,2016
"2016-03-27",27,27,"March","Mar",3,2016,5,2016
"2016-03-28",28,28,"March","Mar",3,2016,5,2016
"2016-03-29",29,29,"March","Mar",3,2016,5,2016
"2016-03-30",30,30,"March","Mar",3,2016,5,2016
"2016-03-31",31,31,"March","Mar",3,2016,5,2016
"2016-04-01",1,1,"April","Apr",4,2016,6,2016
"2016-04-02",2,2,"April","Apr",4,2016,6,2016
"2016-04-03",3,3,"April","Apr",4,2016,6,2016
"2016-04-04",4,4,"April","Apr",4,2016,6,2016
"2016-04-05",5,5,"April","Apr",4,2016,6,2016
"2016-04-06",6,6,"April","Apr",4,2016,6,2016
"2016-04-07",7,7,"April","Apr",4,2016,6,2016
"2016-04-08",8,8,"April","Apr",4,2016,6,2016
"2016-04-09",9,9,"April","Apr",4,2016,6,2016
"2016-04-10",10,10,"April","Apr",4,2016,6,2016
"2016-04-11",11,11,"April","Apr",4,2016,6,2016
"2016-04-12",12,12,"April","Apr",4,2016,6,2016
"2016-04-13",13,13,"April","Apr",4,2016,6,2016
"2016-04-14",14,14,"April","Apr",4,2016,6,2016
"2016-04-15",15,15,"April","Apr",4,2016,6,2016
"2016-04-16",16,16,"April","Apr",4,2016,6,2016
"2016-04-17",17,17,"April","Apr",4,2016,6,2016
"2016-04-18",18,18,"April","Apr",4,2016,6,2016
"2016-04-19",19,19,"April","Apr",4,2016,6,2016
"2016-04-20",20,20,"April","Apr",4,2016,6,2016
"2016-04-21",21,21,"April","Apr",4,2016,6,2016
"2016-04-22",22,22,"April","Apr",4,2016,6,2016
"2016-04-23",23,23,"April","Apr",4,2016,6,2016
"2016-04-24",24,24,"April","Apr",4,2016,6,2016
"2016-04-25",25,25,"April","Apr",4,2016,6,2016
"2016-04-26",26,26,"April","Apr",4,2016,6,2016
"2016-04-27",27,27,"April","Apr",4,2016,6,2016
"2016-04-28",28,28,"April","Apr",4,2016,6,2016
"2016-04-29",29,29,"April","Apr",4,2016,6,2016
"2016-04-30",30,30,"April","Apr",4,2016,6,2016
"2016-05-01",1,1,"May","May",5,2016,7,2016
"2016-05-02",2,2,"May","May",5,2016,7,2016
"2016-05-03",3,3,"May","May",5,2016,7,2016
"2016-05-04",4,4,"May","May",5,2016,7,2016
"2016-05-05",5,5,"May","May",5,2016,7,2016
"2016-05-06",6,6,"May","May",5,2016,7,2016
"2016-05-07",7,7,"May","May",5,2016,7,2016
"2016-05-08",8,8,"May","May",5,2016,7,2016
"2016-05-09",9,9,"May","May",5,2016,7,2016
"2016-05-10",10,10,"May","May",5,2016,7,2016
"2016-05-11",11,11,"May","May",5,2016,7,2016
"2016-05-12",12,12,"May","May",5,2016,7,2016
"2016-05-13",13,13,"May","May",5,2016,7,2016
"2016-05-14",14,14,"May","May",5,2016,7,2016
"2016-05-15",15,15,"May","May",5,2016,7,2016
"2016-05-16",16,16,"May","May",5,2016,7,2016
"2016-05-17",17,17,"May","May",5,2016,7,2016
"2016-05-18",18,18,"May","May",5,2016,7,2016
"2016-05-19",19,19,"May","May",5,2016,7,2016
"2016-05-20",20,20,"May","May",5,2016,7,2016
"2016-05-21",21,21,"May","May",5,2016,7,2016
"2016-05-22",22,22,"May","May",5,2016,7,2016
"2016-05-23",23,23,"May","May",5,2016,7,2016
"2016-05-24",24,24,"May","May",5,2016,7,2016
"2016-05-25",25,25,"May","May",5,2016,7,2016
"2016-05-26",26,26,"May","May",5,2016,7,2016
"2016-05-27",27,27,"May","May",5,2016,7,2016
"2016-05-28",28,28,"May","May",5,2016,7,2016
"2016-05-29",29,29,"May","May",5,2016,7,2016
"2016-05-30",30,30,"May","May",5,2016,7,2016
"2016-05-31",31,31,"May","May",5,2016,7,2016
"2016-06-01",1,1,"June","Jun",6,2016,8,2016
"2016-06-02",2,2,"June","Jun",6,2016,8,2016
"2016-06-03",3,3,"June","Jun",6,2016,8,2016
"2016-06-04",4,4,"June","Jun",6,2016,8,2016
"2016-06-05",5,5,"June","Jun",6,2016,8,2016
"2016-06-06",6,6,"June","Jun",6,2016,8,2016
"2016-06-07",7,7,"June","Jun",6,2016,8,2016
"2016-06-08",8,8,"June","Jun",6,2016,8,2016
"2016-06-09",9,9,"June","Jun",6,2016,8,2016
"2016-06-10",10,10,"June","Jun",6,2016,8,2016
"2016-06-11",11,11,"June","Jun",6,2016,8,2016
"2016-06-12",12,12,"June","Jun",6,2016,8,2016
"2016-06-13",13,13,"June","Jun",6,2016,8,2016
"2016-06-14",14,14,"June","Jun",6,2016,8,2016
"2016-06-15",15,15,"June","Jun",6,2016,8,2016
"2016-06-16",16,16,"June","Jun",6,2016,8,2016
"2016-06-17",17,17,"June","Jun",6,2016,8,2016
"2016-06-18",18,18,"June","Jun",6,2016,8,2016
"2016-06-19",19,19,"June","Jun",6,2016,8,2016
"2016-06-20",20,20,"June","Jun",6,2016,8,2016
"2016-06-21",21,21,"June","Jun",6,2016,8,2016
"2016-06-22",22,22,"June","Jun",6,2016,8,2016
"2016-06-23",23,23,"June","Jun",6,2016,8,2016
"2016-06-24",24,24,"June","Jun",6,2016,8,2016
"2016-06-25",25,25,"June","Jun",6,2016,8,2016
"2016-06-26",26,26,"June","Jun",6,2016,8,2016
"2016-06-27",27,27,"June","Jun",6,2016,8,2016
"2016-06-28",28,28,"June","Jun",6,2016,8,2016
"2016-06-29",29,29,"June","Jun",6,2016,8,2016
"2016-06-30",30,30,"June","Jun",6,2016,8,2016
"2016-07-01",1,1,"July","Jul",7,2016,9,2016
"2016-07-02",2,2,"July","Jul",7,2016,9,2016
"2016-07-03",3,3,"July","Jul",7,2016,9,2016
"2016-07-04",4,4,"July","Jul",7,2016,9,2016
"2016-07-05",5,5,"July","Jul",7,2016,9,2016
"2016-07-06",6,6,"July","Jul",7,2016,9,2016
"2016-07-07",7,7,"July","Jul",7,2016,9,2016
"2016-07-08",8,8,"July","Jul",7,2016,9,2016
"2016-07-09",9,9,"July","Jul",7,2016,9,2016
"2016-07-10",10,10,"July","Jul",7,2016,9,2016
"2016-07-11",11,11,"July","Jul",7,2016,9,2016
"2016-07-12",12,12,"July","Jul",7,2016,9,2016
"2016-07-13",13,13,"July","Jul",7,2016,9,2016
"2016-07-14",14,14,"July","Jul",7,2016,9,2016
"2016-07-15",15,15,"July","Jul",7,2016,9,2016
"2016-07-16",16,16,"July","Jul",7,2016,9,2016
"2016-07-17",17,17,"July","Jul",7,2016,9,2016
"2016-07-18",18,18,"July","Jul",7,2016,9,2016
"2016-07-19",19,19,"July","Jul",7,2016,9,2016
"2016-07-20",20,20,"July","Jul",7,2016,9,2016
"2016-07-21",21,21,"July","Jul",7,2016,9,2016
"2016-07-22",22,22,"July","Jul",7,2016,9,2016
"2016-07-23",23,23,"July","Jul",7,2016,9,2016
"2016-07-24",24,24,"July","Jul",7,2016,9,2016
"2016-07-25",25,25,"July","Jul",7,2016,9,2016
"2016-07-26",26,26,"July","Jul",7,2016,9,2016
"2016-07-27",27,27,"July","Jul",7,2016,9,2016
"2016-07-28",28,28,"July","Jul",7,2016,9,2016
"2016-07-29",29,29,"July","Jul",7,2016,9,2016
"2016-07-30",30,30,"July","Jul",7,2016,9,2016
"2016-07-31",31,31,"July","Jul",7,2016,9,2016
"2016-08-01",1,1,"August","Aug",8,2016,10,2016
"2016-08-02",2,2,"August","Aug",8,2016,10,2016
"2016-08-03",3,3,"August","Aug",8,2016,10,2016
"2016-08-04",4,4,"August","Aug",8,2016,10,2016
"2016-08-05",5,5,"August","Aug",8,2016,10,2016
"2016-08-06",6,6,"August","Aug",8,2016,10,2016
"2016-08-07",7,7,"August","Aug",8,2016,10,2016
"2016-08-08",8,8,"August","Aug",8,2016,10,2016
"2016-08-09",9,9,"August","Aug",8,2016,10,2016
"2016-08-10",10,10,"August","Aug",8,2016,10,2016
"2016-08-11",11,11,"August","Aug",8,2016,10,2016
"2016-08-12",12,12,"August","Aug",8,2016,10,2016
"2016-08-13",13,13,"August","Aug",8,2016,10,2016
"2016-08-14",14,14,"August","Aug",8,2016,10,2016
"2016-08-15",15,15,"August","Aug",8,2016,10,2016
"2016-08-16",16,16,"August","Aug",8,2016,10,2016
"2016-08-17",17,17,"August","Aug",8,2016,10,2016
"2016-08-18",18,18,"August","Aug",8,2016,10,2016
"2016-08-19",19,19,"August","Aug",8,2016,10,2016
"2016-08-20",20,20,"August","Aug",8,2016,10,2016
"2016-08-21",21,21,"August","Aug",8,2016,10,2016
"2016-08-22",22,22,"August","Aug",8,2016,10,2016
"2016-08-23",23,23,"August","Aug",8,2016,10,2016
"2016-08-24",24,24,"August","Aug",8,2016,10,2016
"2016-08-25",25,25,"August","Aug",8,2016,10,2016
"2016-08-26",26,26,"August","Aug",8,2016,10,2016
"2016-08-27",27,27,"August","Aug",8,2016,10,2016
"2016-08-28",28,28,"August","Aug",8,2016,10,2016
"2016-08-29",29,29,"August","Aug",8,2016,10,2016
"2016-08-30",30,30,"August","Aug",8,2016,10,2016
"2016-08-31",31,31,"August","Aug",8,2016,10,2016
"2016-09-01",1,1,"September","Sep",9,2016,11,2016
"2016-09-02",2,2,"September","Sep",9,2016,11,2016
"2016-09-03",3,3,"September","Sep",9,2016,11,2016
"2016-09-04",4,4,"September","Sep",9,2016,11,2016
"2016-09-05",5,5,"September","Sep",9,2016,11,2016
"2016-09-06",6,6,"September","Sep",9,2016,11,2016
"2016-09-07",7,7,"September","Sep",9,2016,11,2016
"2016-09-08",8,8,"September","Sep",9,2016,11,2016
"2016-09-09",9,9,"September","Sep",9,2016,11,2016
"2016-09-10",10,10,"September","Sep",9,2016,11,2016
"2016-09-11",11,11,"September","Sep",9,2016,11,2016
"2016-09-12",12,12,"September","Sep",9,2016,11,2016
"2016-09-13",13,13,"September","Sep",9,2016,11,2016
"2016-09-14",14,14,"September","Sep",9,2016,11,2016
"2016-09-15",15,15,"September","Sep",9,2016,11,2016
"2016-09-16",16,16,"September","Sep",9,2016,11,2016
"2016-09-17",17,17,"September","Sep",9,2016,11,2016
"2016-09-18",18,18,"September","Sep",9,2016,11,2016
"2016-09-19",19,19,"September","Sep",9,2016,11,2016
"2016-09-20",20,20,"September","Sep",9,2016,11,2016
"2016-09-21",21,21,"September","Sep",9,2016,11,2016
"2016-09-22",22,22,"September","Sep",9,2016,11,2016
"2016-09-23",23,23,"September","Sep",9,2016,11,2016
"2016-09-24",24,24,"September","Sep",9,2016,11,2016
"2016-09-25",25,25,"September","Sep",9,2016,11,2016
"2016-09-26",26,26,"September","Sep",9,2016,11,2016
"2016-09-27",27,27,"September","Sep",9,2016,11,2016
"2016-09-28",28,28,"September","Sep",9,2016,11,2016
"2016-09-29",29,29,"September","Sep",9,2016,11,2016
"2016-09-30",30,30,"September","Sep",9,2016,11,2016
"2016-10-01",1,1,"October","Oct",10,2016,12,2016
"2016-10-02",2,2,"October","Oct",10,2016,12,2016
"2016-10-03",3,3,"October","Oct",10,2016,12,2016
"2016-10-04",4,4,"October","Oct",10,2016,12,2016
"2016-10-05",5,5,"October","Oct",10,2016,12,2016
"2016-10-06",6,6,"October","Oct",10,2016,12,2016
"2016-10-07",7,7,"October","Oct",10,2016,12,2016
"2016-10-08",8,8,"October","Oct",10,2016,12,2016
"2016-10-09",9,9,"October","Oct",10,2016,12,2016
"2016-10-10",10,10,"October","Oct",10,2016,12,2016
"2016-10-11",11,11,"October","Oct",10,2016,12,2016
"2016-10-12",12,12,"October","Oct",10,2016,12,2016
"2016-10-13",13,13,"October","Oct",10,2016,12,2016
"2016-10-14",14,14,"October","Oct",10,2016,12,2016
"2016-10-15",15,15,"October","Oct",10,2016,12,2016
"2016-10-16",16,16,"October","Oct",10,2016,12,2016
"2016-10-17",17,17,"October","Oct",10,2016,12,2016
"2016-10-18",18,18,"October","Oct",10,2016,12,2016
"2016-10-19",19,19,"October","Oct",10,2016,12,2016
"2016-10-20",20,20,"October","Oct",10,2016,12,2016
"2016-10-21",21,21,"October","Oct",10,2016,12,2016
"2016-10-22",22,22,"October","Oct",10,2016,12,2016
"2016-10-23",23,23,"October","Oct",10,2016,12,2016
"2016-10-24",24,24,"October","Oct",10,2016,12,2016
"2016-10-25",25,25,"October","Oct",10,2016,12,2016
"2016-10-26",26,26,"October","Oct",10,2016,12,2016
"2016-10-27",27,27,"October","Oct",10,2016,12,2016
"2016-10-28",28,28,"October","Oct",10,2016,12,2016
"2016-10-29",29,29,"October","Oct",10,2016,12,2016
"2016-10-30",30,30,"October","Oct",10,2016,12,2016
"2016-10-31",31,31,"October","Oct",10,2016,12,2016
"2016-11-01",1,1,"November","Nov",11,2016,1,2017
"2016-11-02",2,2,"November","Nov",11,2016,1,2017
"2016-11-03",3,3,"November","Nov",11,2016,1,2017
"2016-11-04",4,4,"November","Nov",11,2016,1,2017
"2016-11-05",5,5,"November","Nov",11,2016,1,2017
"2016-11-06",6,6,"November","Nov",11,2016,1,2017
"2016-11-07",7,7,"November","Nov",11,2016,1,2017
"2016-11-08",8,8,"November","Nov",11,2016,1,2017
"2016-11-09",9,9,"November","Nov",11,2016,1,2017
"2016-11-10",10,10,"November","Nov",11,2016,1,2017
"2016-11-11",11,11,"November","Nov",11,2016,1,2017
"2016-11-12",12,12,"November","Nov",11,2016,1,2017
"2016-11-13",13,13,"November","Nov",11,2016,1,2017
"2016-11-14",14,14,"November","Nov",11,2016,1,2017
"2016-11-15",15,15,"November","Nov",11,2016,1,2017
"2016-11-16",16,16,"November","Nov",11,2016,1,2017
"2016-11-17",17,17,"November","Nov",11,2016,1,2017
"2016-11-18",18,18,"November","Nov",11,2016,1,2017
"2016-11-19",19,19,"November","Nov",11,2016,1,2017
"2016-11-20",20,20,"November","Nov",11,2016,1,2017
"2016-11-21",21,21,"November","Nov",11,2016,1,2017
"2016-11-22",22,22,"November","Nov",11,2016,1,2017
"2016-11-23",23,23,"November","Nov",11,2016,1,2017
"2016-11-24",24,24,"November","Nov",11,2016,1,2017
"2016-11-25",25,25,"November","Nov",11,2016,1,2017
"2016-11-26",26,26,"November","Nov",11,2016,1,2017
"2016-11-27",27,27,"November","Nov",11,2016,1,2017
"2016-11-28",28,28,"November","Nov",11,2016,1,2017
"2016-11-29",29,29,"November","Nov",11,2016,1,2017
"2016-11-30",30,30,"November","Nov",11,2016,1,2017
"2016-12-01",1,1,"December","Dec",12,2016,2,2017
"2016-12-02",2,2,"December","Dec",12,2016,2,2017
"2016-12-03",3,3,"December","Dec",12,2016,2,2017
"2016-12-04",4,4,"December","Dec",12,2016,2,2017
"2016-12-05",5,5,"December","Dec",12,2016,2,2017
"2016-12-06",6,6,"December","Dec",12,2016,2,2017
"2016-12-07",7,7,"December","Dec",12,2016,2,2017
"2016-12-08",8,8,"December","Dec",12,2016,2,2017
"2016-12-09",9,9,"December","Dec",12,2016,2,2017
"2016-12-10",10,10,"December","Dec",12,2016,2,2017
"2016-12-11",11,11,"December","Dec",12,2016,2,2017
"2016-12-12",12,12,"December","Dec",12,2016,2,2017
"2016-12-13",13,13,"December","Dec",12,2016,2,2017
"2016-12-14",14,14,"December","Dec",12,2016,2,2017
"2016-12-15",15,15,"December","Dec",12,2016,2,2017
"2016-12-16",16,16,"December","Dec",12,2016,2,2017
"2016-12-17",17,17,"December","Dec",12,2016,2,2017
"2016-12-18",18,18,"December","Dec",12,2016,2,2017
"2016-12-19",19,19,"December","Dec",12,2016,2,2017
"2016-12-20",20,20,"December","Dec",12,2016,2,2017
"2016-12-21",21,21,"December","Dec",12,2016,2,2017
"2016-12-22",22,22,"December","Dec",12,2016,2,2017
"2016-12-23",23,23,"December","Dec",12,2016,2,2017
"2016-12-24",24,24,"December","Dec",12,2016,2,2017
"2016-12-25",25,25,"December","Dec",12,2016,2,2017
"2016-12-26",26,26,"December","Dec",12,2016,2,2017
"2016-12-27",27,27,"December","Dec",12,2016,2,2017
"2016-12-28",28,28,"December","Dec",12,2016,2,2017
"2016-12-29",29,29,"December","Dec",12,2016,2,2017
"2016-12-30",30,30,"December","Dec",12,2016,2,2017
"2016-12-31",31,31,"December","Dec",12,2016,2,2017
